"","day","nee","le","h"
"1",2017-02-01,0,0,0
"2",2017-02-02,0,0,0
"3",2017-02-03,0,0,0
"4",2017-02-04,0,0,0
"5",2017-02-05,0,0,0
"6",2017-02-06,0,0,0
"7",2017-02-07,0,0,0
"8",2017-02-08,0,0,0
"9",2017-02-09,0,0,0
"10",2017-02-10,0,0,0
"11",2017-02-11,0,0,0
"12",2017-02-12,0,0,0
"13",2017-02-13,0,0,0
"14",2017-02-14,0,0,0
"15",2017-02-15,0,0,0
"16",2017-02-16,0,0,0
"17",2017-02-17,0,0,0
"18",2017-02-18,0,0,0
"19",2017-02-19,0,0,0
"20",2017-02-20,0,0,0
"21",2017-02-21,0,0,0
"22",2017-02-22,0,0,0
"23",2017-02-23,0,0,0
"24",2017-02-26,0,0,0
"25",2017-02-27,0,0,0
"26",2017-02-28,0,0,0
"27",2017-03-01,0,0,0
"28",2017-03-02,0,0,0
"29",2017-03-03,0,0,0
"30",2017-03-04,0,0,0
"31",2017-03-05,0,0,0
"32",2017-03-06,0,0,0
"33",2017-03-07,0,0,0
"34",2017-03-08,0,0,0
"35",2017-03-09,0,0,0
"36",2017-03-10,0,0,0
"37",2017-03-11,0,0,0
"38",2017-03-12,0,0,0
"39",2017-03-13,0,0,0
"40",2017-03-14,0,0,0
"41",2017-03-15,0,0,0
"42",2017-03-16,0,0,0
"43",2017-03-17,0,0,0
"44",2017-03-18,0,0,0
"45",2017-03-19,0,0,0
"46",2017-03-20,0,0,0
"47",2017-03-21,0,0,0
"48",2017-03-22,0,0,0
"49",2017-03-23,0,0,0
"50",2017-03-24,0,0,0
"51",2017-03-25,0,0,0
"52",2017-03-26,0,0,0
"53",2017-03-27,0,0,0
"54",2017-03-28,0,0,0
"55",2017-03-29,0,0,0
"56",2017-03-30,0,0,0
"57",2017-03-31,0,0,0
"58",2017-04-01,0,0,0
"59",2017-04-02,0,0,0
"60",2017-04-03,0,0,0
"61",2017-04-04,0,0,0
"62",2017-04-05,0,0,0
"63",2017-04-06,0,0,0
"64",2017-04-07,0,0,0
"65",2017-04-08,0,0,0
"66",2017-04-09,0,0,0
"67",2017-04-10,0,0,-43.3860993102795
"68",2017-04-11,0,0,0
"69",2017-04-12,0,0,0
"70",2017-04-13,0,0,0
"71",2017-04-14,0,0,0
"72",2017-04-15,0,0,0
"73",2017-04-16,0,0,0
"74",2017-04-17,0,0,0
"75",2017-04-18,0,0,0
"76",2017-04-19,0,0,0
"77",2017-04-20,0,0,0
"78",2017-04-21,0,0,0
"79",2017-04-22,0,0,0
"80",2017-04-23,0,0,0
"81",2017-04-24,0,0,0
"82",2017-04-25,0,0,0
"83",2017-04-26,0,0,0
"84",2017-04-27,0,0,0
"85",2017-04-28,0,0,0
"86",2017-04-29,0,0,0
"87",2017-04-30,0,0,0
"88",2017-05-01,0,0,0
"89",2017-05-02,0,0,0
"90",2017-05-03,0,0,0
"91",2017-05-04,0,0,0
"92",2017-05-05,0,0,0
"93",2017-05-06,0,0,0
"94",2017-05-07,0,0,0
"95",2017-05-08,0,0,0
"96",2017-05-09,0,0,0
"97",2017-05-10,0,0,0
"98",2017-05-11,0,0,0
"99",2017-05-12,0,0,0
"100",2017-05-13,0,0,0
"101",2017-05-14,0,0,0
"102",2017-05-15,0,0,0
"103",2017-05-16,0,0,0
"104",2017-05-17,0,0,0
"105",2017-05-18,0,0,0
"106",2017-05-19,0,0,0
"107",2017-05-20,0,0,0
"108",2017-05-21,0,0,0
"109",2017-05-22,0,0,0
"110",2017-05-23,0,0,0
"111",2017-05-24,0,0,0
"112",2017-05-25,0,0,0
"113",2017-05-26,0,0,0
"114",2017-05-27,0,0,0
"115",2017-05-28,0,0,0
"116",2017-05-29,0,0,0
"117",2017-05-30,0,0,0
"118",2017-05-31,0,0,0
"119",2017-06-01,0,0,0
"120",2017-06-02,0,0,0
"121",2017-06-03,0,0,0
"122",2017-06-04,0,0,0
"123",2017-06-05,0,0,0
"124",2017-06-06,0,0,0
"125",2017-06-07,0,0,0
"126",2017-06-08,0,0,0
"127",2017-06-09,0,0,0
"128",2017-06-10,0,0,0
"129",2017-06-11,0,0,0
"130",2017-06-12,0,0,0
"131",2017-06-13,0,0,0
"132",2017-06-14,0,0,0
"133",2017-06-15,0,0,0
"134",2017-06-16,0,0,0
"135",2017-06-17,0,0,0
"136",2017-06-18,0,0,0
"137",2017-06-19,0,0,0
"138",2017-06-20,0,0,0
"139",2017-06-21,0,0,0
"140",2017-06-22,0,0,0
"141",2017-06-23,0,0,0
"142",2017-06-24,0,0,0
"143",2017-06-25,0,0,0
"144",2017-06-26,0,0,0
"145",2017-06-27,0,0,0
"146",2017-06-28,0,0,0
"147",2017-06-29,0,0,0
"148",2017-06-30,0,0,0
"149",2017-07-01,0,0,0
"150",2017-07-02,0,0,0
"151",2017-07-03,0,0,0
"152",2017-07-04,0,0,0
"153",2017-07-05,0,0,0
"154",2017-07-06,0,0,0
"155",2017-07-07,0,0,0
"156",2017-07-08,0,0,0
"157",2017-07-09,0,0,0
"158",2017-07-10,0,0,0
"159",2017-07-11,0,0,0
"160",2017-07-12,0,0,0
"161",2017-07-13,0,0,0
"162",2017-07-14,0,0,0
"163",2017-07-15,0,0,0
"164",2017-07-16,0,0,0
"165",2017-07-17,0,0,0
"166",2017-07-18,0,0,0
"167",2017-07-19,0,0,0
"168",2017-07-20,0,0,0
"169",2017-07-21,0,0,0
"170",2017-07-22,0,0,0
"171",2017-07-23,0,0,0
"172",2017-07-24,0,0,0
"173",2017-07-25,0,0,0
"174",2017-07-26,0,0,0
"175",2017-07-27,0,0,0
"176",2017-07-28,0,0,0
"177",2017-07-29,0,0,0
"178",2017-07-30,0,0,0
"179",2017-07-31,0,0,0
"180",2017-08-01,0,0,0
"181",2017-08-02,0,0,0
"182",2017-08-03,0,0,0
"183",2017-08-04,0,0,0
"184",2017-08-05,0,0,0
"185",2017-08-06,0,0,0
"186",2017-08-07,0,0,0
"187",2017-08-08,0,0,0
"188",2017-08-09,0,0,0
"189",2017-08-10,0,0,0
"190",2017-08-11,0,0,0
"191",2017-08-12,0,0,0
"192",2017-08-13,0,0,0
"193",2017-09-12,0,0,429.874819603196
"194",2017-09-13,-408.323772163984,0,347.311246154396
"195",2017-09-14,-32.7826753554482,689.512247615012,17.097474892219
"196",2017-09-15,-11.8394623379332,441.692719638126,136.403924337937
"197",2017-09-16,-20.5946515609561,558.151080192678,424.977584513972
"198",2017-09-17,-4.38516013233521,-73.9943631777878,443.365688768894
"199",2017-09-18,9.47796996425875,12.6151999999776,27.4121491083575
"200",2017-09-19,0.220228186438998,0,-2.66364153308919
"201",2017-09-20,-2.36380340563693,-31.0965413082698,-18.2150908457418
"202",2017-09-21,-24.4627568286265,351.702300683173,275.970208075809
"203",2017-09-22,-48.3503568100603,409.021146586224,333.313201492425
"204",2017-09-23,-18.6549762256062,394.413374417162,290.962481619125
"205",2017-09-24,-23.9405036329196,375.695034506328,261.998433312203
"206",2017-09-25,-33.6479298581879,0,248.485071002592
"207",2017-09-26,-23.6639410074621,18.2163548758177,323.077454966095
"208",2017-09-27,-0.929947426405456,-42.6922029426088,64.2259727740582
"209",2017-09-28,-15.385177057451,753.980690015421,-94.2466035664515
"210",2017-09-29,-70.5898155341611,2694.11399164101,2092.54365417131
"211",2017-09-30,-77.6336269635364,1571.40834193787,57.7946148665865
"212",2017-10-01,-106.459953231593,1623.52260401931,3266.6916422045
"213",2017-10-02,-40.979717332406,1662.50527603864,2750.95141545228
"214",2017-10-03,-116.215262906638,1605.79653370767,2412.69730197024
"215",2017-10-04,-112.806315423038,1894.66793542838,1872.2126376556
"216",2017-10-05,-78.7345773069302,2150.81733262306,718.937397144968
"217",2017-10-06,-72.4095045068693,1807.36556368391,1649.86822086571
"218",2017-10-07,-111.966671665902,2029.50962412045,1651.821653102
"219",2017-10-08,141.659590236421,46.2533936599424,-827.597158460989
"220",2017-10-09,96.7585364392238,0,-1260.9134183312
"221",2017-10-10,37.1102808347197,3.47417340932525,1108.37808610993
"222",2017-10-11,115.673218557453,0,-274.398588004181
"223",2017-10-12,129.140997592331,-49.5082164265198,-203.53853575278
"224",2017-10-13,44.2142864687225,189.195743352351,409.051624369363
"225",2017-10-14,8.20233907677204,893.410586048343,1380.40218996996
"226",2017-10-15,23.3422024707075,735.136353014029,1211.26351828421
"227",2017-10-16,41.6922110895732,1803.18107424232,278.845072050324
"228",2017-10-17,23.2038560975637,1944.28424206458,2212.41521489655
"229",2017-10-18,-99.965917364589,1978.03101362994,1969.08480606985
"230",2017-10-19,-106.267428162787,2368.6555910942,1644.646095879
"231",2017-10-20,-100.541745335014,1884.08141054975,1160.330123236
"232",2017-10-21,-135.832764695247,1696.94953382983,1571.42097788356
"233",2017-10-22,-150.684566555793,1978.05027492209,1581.21723648274
"234",2017-10-23,-0.0639261167844113,544.692939547586,-422.985006461297
"235",2017-10-24,58.9475600172874,1512.02617560294,402.229196098235
"236",2017-10-25,-22.1496343122711,1639.6087904722,1326.24208105959
"237",2017-10-26,10.4578968509256,1504.808851455,682.373484088288
"238",2017-10-27,-37.6709057894185,1325.6994979291,1526.34586197319
"239",2017-10-28,-58.4513374790776,1241.1731996372,202.731255239364
"240",2017-10-29,99.0979777226066,-617.068168128718,-202.599373542214
"241",2017-10-30,6.86727445924113,1562.0389157519,-129.424337392633
"242",2017-10-31,-48.8895430409672,1106.20612965013,1798.20257988333
"243",2017-11-01,16.0728698611014,431.850991613837,488.657927338665
"244",2017-11-02,0,0,0
"245",2017-11-03,-22.5342209022793,511.593963862479,-267.823481572374
"246",2017-11-04,3.18837172406796,160.536062178133,987.625996319726
"247",2017-11-05,23.3993971547667,243.885019503717,747.774868300537
"248",2017-11-06,40.1345333237943,390.031858564825,-424.752479330329
"249",2017-11-07,63.1604443602978,-188.315281277864,-472.387020684201
"250",2017-11-08,13.9438160033259,627.254499102028,846.590985601582
"251",2017-11-09,30.3287234330124,83.1731242215381,195.987991373333
"252",2017-11-10,2.10544447338315,868.85614177088,729.211681065964
"253",2017-11-11,42.3236340844916,576.503599845821,2299.791083344
"254",2017-11-12,13.1438108023725,382.504158653247,1556.53187967214
"255",2017-11-13,7.40597587284085,601.452422129795,1619.77345746697
"256",2017-11-14,24.059353522245,361.147526434802,479.705751468581
"257",2017-11-15,21.9368461413993,476.449019390297,2049.71482782984
"258",2017-11-16,24.6125901376594,593.956704957934,1051.54080528611
"259",2017-11-17,25.9825230485343,531.932447285943,802.197541234144
"260",2017-11-18,-19.4023967652867,401.721256626338,252.585929847852
"261",2017-11-19,51.3923168811764,344.592115063558,-681.935593301482
"262",2017-11-20,18.2639605380135,564.903826341583,1299.70807273729
"263",2017-11-21,7.1081610883867,828.288502920148,677.340341649415
"264",2017-11-22,-50.6560943981486,406.863290913534,1379.29811995558
"265",2017-11-23,31.0146037782722,423.272999761274,1681.34089978059
"266",2017-11-24,-41.4968803644394,426.312922724277,2071.58161260606
"267",2017-11-25,-68.2999355270137,504.648645838833,1319.28487639169
"268",2017-11-26,27.9677529817308,558.979343779201,295.972552905176
"269",2017-11-27,28.1169751987652,646.034888353773,930.7991887397
"270",2017-11-28,0.332280960425754,-20.9799031476624,-126.85449647061
"271",2017-11-29,29.4861163538289,665.530241895138,653.367928223294
"272",2017-11-30,-24.2041446030814,407.248122487379,1123.07166352287
"273",2017-12-01,19.612638224741,145.943539206599,786.425529015802
"274",2017-12-02,-47.4977901188704,232.056668222215,1059.41060046029
"275",2017-12-03,17.329908053532,275.668614380263,1220.45491519933
"276",2017-12-04,-42.7670086831088,527.945584268998,1261.30536769027
"277",2017-12-05,63.3463007268167,262.482798876228,-919.16858683514
"278",2017-12-06,36.2854210986122,653.47166236955,144.537901061922
"279",2017-12-07,23.3962949381438,460.403977295709,529.335480933836
"280",2017-12-08,31.9597964200062,315.619887914089,-39.4715530951529
"281",2017-12-09,26.9292086417021,65.4043263765469,264.291516880873
"282",2017-12-10,19.9122992052056,299.454312446472,-83.0431614395758
"283",2017-12-11,10.6245934004108,355.592300902507,1308.88502827175
"284",2017-12-12,28.4394932667971,213.89082167256,-724.962594883737
"285",2017-12-13,27.5635304872039,563.055974380002,1108.43245229377
"286",2017-12-14,14.4869273205817,258.971950705214,522.02528873554
"287",2017-12-15,21.1199048143908,101.269569981263,107.462852066788
"288",2017-12-16,8.57765199108808,271.917991141332,1132.05126665267
"289",2017-12-17,-13.7788947914913,77.1655516612384,562.124599296822
"290",2017-12-18,13.3270181139352,154.616868595961,1303.23843593863
"291",2017-12-19,-26.8204712549408,158.580682438571,1414.45096241765
"292",2017-12-20,-3.29712684117971,265.450064582256,-512.274207202442
"293",2017-12-21,-21.4052539957926,227.545737164007,1991.03933290282
"294",2017-12-22,2.44937174678064,439.086430967325,-148.229163929959
"295",2017-12-23,59.4427164122066,269.417891485708,-730.170204895643
"296",2017-12-24,45.63316256079,444.648299322489,-240.837761227698
"297",2017-12-25,38.2767686536237,680.874373466912,1216.15654628068
"298",2017-12-26,28.2823506511922,457.40741833545,836.570496869729
"299",2017-12-27,26.0448479759519,282.937321194425,976.395683291285
"300",2017-12-28,26.5796122451335,337.908148360753,1747.19590818226
"301",2017-12-29,2.13569305053702,243.626611112242,1584.43692797048
"302",2017-12-30,40.1451000001644,299.959948038219,1060.19526854181
"303",2017-12-31,20.8827806399167,263.307540945841,176.247328675646
"304",2018-01-01,17.9037767217948,241.130826816488,1124.63684972564
"305",2018-01-02,15.1510324968526,288.849936056722,1816.50539796329
"306",2018-01-03,10.2537309302784,246.30494184548,1772.95789366672
"307",2018-01-04,16.458755548972,326.16280846018,1040.64337970973
"308",2018-01-05,18.7906388793045,325.688214156449,1472.94761536351
"309",2018-01-06,15.5606366960392,216.764942687481,1369.93095597487
"310",2018-01-07,3.14387030196549,182.928136551947,2252.6383372355
"311",2018-01-08,17.8848135284385,337.454537326355,247.111889028986
"312",2018-01-09,13.9234733644994,80.1420591863644,227.526576655705
"313",2018-01-10,21.1861923432432,167.521096704953,1122.73733730482
"314",2018-01-11,19.1748335527987,123.743926301906,990.579665857768
"315",2018-01-12,30.2342876961368,-204.04925397801,-812.46785341571
"316",2018-01-13,105.953079031564,-205.376435833289,1741.30423888749
"317",2018-01-14,-0.17961093513139,-0.562796857493375,-16.878621668887
"318",2018-01-15,1.41808821616386,263.840658882627,2418.69065206266
"319",2018-01-16,23.3907791167187,134.373691085433,786.156856857416
"320",2018-01-17,19.9002036234464,170.49580363984,1416.11903418127
"321",2018-01-18,16.3635165626492,303.797375317699,2017.41304814574
"322",2018-01-19,-11.1694829770115,326.255343651452,1446.77408699554
"323",2018-01-20,9.07100622719113,277.529864287153,1948.65058967747
"324",2018-01-21,-25.3534113181744,182.101130484535,1378.4651623269
"325",2018-01-22,-0.676178781391513,10.4387518335618,-67.7046016846792
"326",2018-01-23,38.6551841815274,-32.1565613298399,-1244.52625265553
"327",2018-01-24,23.3440214736109,107.631244767915,-1450.94364630235
"328",2018-01-25,0.206094457506,240.702621829515,1643.21993762687
"329",2018-01-26,6.08527110532976,317.197853657883,2031.67909204213
"330",2018-01-27,25.9009977651673,547.95326756848,829.232176777813
"331",2018-01-28,68.8391393268112,-276.746842693073,-469.301136412434
"332",2018-01-29,34.2226871433517,285.251955701185,555.26284899624
"333",2018-01-30,24.9812410279743,474.975534178354,2045.23877454849
"334",2018-01-31,22.2557513901601,632.103962949945,1815.92975724511
"335",2018-02-01,35.8247411810945,483.418615668157,-709.01608225985
"336",2018-02-02,34.7731930799928,405.269148199997,2479.1484770068
"337",2018-02-03,10.8566369422581,463.430525154691,2486.39022799614
"338",2018-02-04,34.7756431060152,400.259448932092,-166.844210309561
"339",2018-02-05,22.0691848817897,900.272850869734,1909.3668590455
"340",2018-02-06,24.7167983447267,168.582345869804,519.828268375208
"341",2018-02-07,28.2926629573422,71.9346642572712,446.796045766783
"342",2018-02-08,12.1752184432706,11.2838566786598,1609.72120595356
"343",2018-02-09,0,0,1363.21750447719
"344",2018-02-10,0,0,-1113.472486871
"345",2018-02-11,0,0,1139.46778195303
"346",2018-02-12,87.2699746160422,613.674627148073,317.034373440761
"347",2018-02-13,-65.8098314389245,847.191513965294,1930.47445165203
"348",2018-02-14,17.7484592577084,309.388881144708,1022.47473384236
"349",2018-02-15,-77.7481005682171,1071.69957264177,1343.69424769574
"350",2018-02-16,85.1415291026948,45.0774060510798,-1183.0880503189
"351",2018-02-17,38.2313627826326,470.808467464272,875.644554575308
"352",2018-02-18,9.82511429698478,1078.86024628036,1010.18243569459
"353",2018-02-19,31.6063046063188,687.136408312595,1098.99559374835
"354",2018-02-20,45.6406331450712,921.614134428261,1907.27555801933
"355",2018-02-21,79.5507070688326,175.409062476739,976.612874603118
"356",2018-02-22,88.350203307775,-251.882168074323,82.914832787924
"357",2018-02-23,12.0884130515344,209.622327085054,915.097834593718
"358",2018-02-24,17.0669403337403,1.55538759206669,-47.9074790320717
"359",2018-02-25,61.390989237248,-349.829343923213,158.983721586714
"360",2018-02-26,-22.8227735139456,566.424234804156,287.006901880323
"361",2018-02-27,-42.3196841206665,1141.29399307334,3833.10476956584
"362",2018-02-28,-0.205515564548992,942.996421286329,511.964781870257
"363",2018-03-01,23.0063519539469,455.092145161625,325.423043328613
"364",2018-03-02,0.284798757935046,9.53494175532665,-37.6876561122479
"365",2018-03-03,22.9774121368417,670.259807541154,3159.20867545302
"366",2018-03-04,6.92320230195464,761.342614790151,2582.99340512085
"367",2018-03-05,24.1881729740316,789.381548019534,2934.76770310285
"368",2018-03-06,-6.18054047528867,619.030224171594,712.985598273174
"369",2018-03-07,10.9433450487166,412.8774111355,1778.70760497696
"370",2018-03-08,21.0297866821884,462.779782327805,2072.39900222675
"371",2018-03-09,24.9249983702474,651.230589301341,3249.88185867007
"372",2018-03-10,21.7975304154447,493.444727231143,4343.24874020553
"373",2018-03-11,11.3307383480727,560.148210356269,4109.60306749329
"374",2018-03-12,-2.06743180858558,288.257602196896,1893.15509702871
"375",2018-03-13,26.1164361524534,278.133413162882,2077.43865490638
"376",2018-03-14,21.1421951842644,366.224643641175,2886.87373915198
"377",2018-03-15,4.73665261177713,702.08122592327,2294.41723798946
"378",2018-03-16,11.3233578599308,540.132532395528,3721.59266625237
"379",2018-03-17,-23.9920333292459,245.930476079934,804.411635200114
"380",2018-03-18,-3.29342028138819,650.869200696651,4224.44930669345
"381",2018-03-19,-3.73973080467661,609.124248472572,3313.68459352624
"382",2018-03-20,24.698942846202,43.1564018325744,-293.264385907929
"383",2018-03-21,4.98999025316277,-103.228738638578,168.754465553263
"384",2018-03-22,25.4828792428822,1340.61895700025,485.801312454198
"385",2018-03-23,19.6288098806736,1269.00417239182,2172.90624661861
"386",2018-03-24,16.0334628225637,859.651561809934,3529.4534958971
"387",2018-03-25,24.3623146407723,699.932906958969,4439.81854344889
"388",2018-03-26,25.9000836037153,1270.22902719776,4131.24651469991
"389",2018-03-27,35.8202217392371,91.644352455016,-221.754725575572
"390",2018-03-28,23.8076200107843,201.22622593028,458.754699645408
"391",2018-03-29,74.1301600495756,1011.16243704264,1794.44297377422
"392",2018-03-30,66.4274048214214,697.213487177584,-428.601815758691
"393",2018-03-31,28.6809739358834,2024.6096983348,4302.44301488623
"394",2018-04-01,20.8591800289945,1117.72165455472,1489.17228849346
"395",2018-04-02,22.7215544397007,243.657133009823,1279.97414432183
"396",2018-04-03,42.8023905040972,615.695719848153,1490.21555334769
"397",2018-04-04,-25.5158316083744,1111.11851100489,2810.48175982977
"398",2018-04-05,19.7323564660949,1457.53141056669,3725.13176201175
"399",2018-04-06,4.93022519421343,1579.30132631729,3178.23829403826
"400",2018-04-07,45.1368978955359,755.216087139509,840.236176762136
"401",2018-04-08,37.4057157175909,1103.40231088571,4682.47774520785
"402",2018-04-09,27.6655820606182,150.378521386649,973.674906414396
"403",2018-04-10,0,0,5245.54215407794
"404",2018-04-11,0,0,3338.1941043523
"405",2018-04-12,0,0,73.7205243985429
"406",2018-04-13,0,0,0
"407",2018-04-14,0,0,0
"408",2018-04-15,0,0,0
"409",2018-04-16,0,0,0
"410",2018-04-17,0,0,0
"411",2018-04-18,0,0,0
"412",2018-04-19,0,0,0
"413",2018-04-20,0,0,0
"414",2018-04-21,0,0,0
"415",2018-04-22,0,0,-42.137445190491
"416",2018-04-23,0,0,2821.95784093269
"417",2018-04-24,0,0,0
"418",2018-04-25,0,0,0
"419",2018-04-26,0,0,0
"420",2018-04-27,0,0,0
"421",2018-04-28,0,0,0
"422",2018-04-29,0,0,0
"423",2018-04-30,0,0,0
"424",2018-05-01,0,0,0
"425",2018-05-02,0,0,0
"426",2018-05-03,0,0,0
"427",2018-05-04,0,0,0
"428",2018-05-05,0,0,0
"429",2018-05-06,0,0,0
"430",2018-05-07,0,0,0
"431",2018-05-08,0,0,0
"432",2018-05-09,0,1393.18514007731,2844.30517579776
"433",2018-05-10,274.043627381657,283.738320737847,-1191.9169601363
"434",2018-05-11,465.220294337888,45.650616052471,2270.77944770086
"435",2018-05-13,563.032472856895,-103.924261937698,1109.06290888311
"436",2018-05-15,36.6613392550634,-66.7384126962687,250.040781107901
"437",2018-05-16,0,120.171925096063,-40.1807116644633
"438",2018-05-17,-3.45096062780507,209.408625129956,-1711.66993856514
"439",2018-05-18,0,-414.054457528231,-44.0094288232954
"440",2018-05-19,82.9126127308281,842.560607175651,1486.91068703411
"441",2018-05-20,3.216148347495,77.1708345255138,1312.44768370839
"442",2018-05-21,0,40.0729912226833,2138.16502511905
"443",2018-05-22,0,345.299661623911,608.717168726542
"444",2018-05-23,0,219.086296873514,1186.33104646637
"445",2018-05-24,-448.814968628958,440.228377186609,2341.06577644249
"446",2018-05-25,23.9414668088537,599.957431845882,1483.02756120898
"447",2018-05-26,0,25.24101288489,2.92287915802248
"448",2018-05-27,0,0,0
"449",2018-05-28,0,535.465967323415,1356.86179192547
"450",2018-05-30,0,0,0
"451",2018-05-31,0,0,0
"452",2018-06-01,0,0,0
"453",2018-06-02,0,0,315.274907931472
"454",2018-06-03,0,0,789.31006588912
"455",2018-06-04,0,0,1526.19723956626
"456",2018-06-05,0,0,-395.022412087068
"457",2018-06-06,0,0,2587.77369334899
"458",2018-06-07,0,0,2816.53742650941
"459",2018-06-08,0,0,1002.88904177561
"460",2018-06-09,0,0,1464.17875226468
"461",2018-06-10,0,0,754.957089809021
"462",2018-06-11,0,0,42.4846222887276
"463",2018-06-12,0,0,3203.99265928595
"464",2018-06-13,0,0,-60.1181316291957
"465",2018-06-14,0,0,557.775430410829
"466",2018-06-15,0,0,849.284095021693
"467",2018-06-16,0,0,1415.52975392795
"468",2018-06-17,0,0,611.646973331718
"469",2018-06-18,0,0,863.428872926664
"470",2018-06-19,0,0,-339.453355403565
"471",2018-06-20,0,0,468.83465481454
"472",2018-06-21,0,0,888.628894202704
"473",2018-06-22,0,0,-370.428173952059
"474",2018-06-23,0,0,1956.06613387308
"475",2018-06-24,0,0,695.515630468528
"476",2018-06-25,0,0,1227.56053135442
"477",2018-06-26,0,0,1140.66014809467
"478",2018-06-27,0,0,-628.463710935365
"479",2018-06-28,0,0,486.971588389103
"480",2018-06-29,0,0,1447.15884042276
"481",2018-06-30,0,0,1101.62063973206
"482",2018-07-01,0,0,959.36881648165
"483",2018-07-02,0,0,692.738950790091
"484",2018-07-03,0,0,1661.51676699373
"485",2018-07-04,0,0,1084.16460806926
"486",2018-07-05,0,0,1302.54703738858
"487",2018-07-06,0,0,-101.517772993141
"488",2018-07-07,0,0,1664.22641326538
"489",2018-07-08,0,0,2593.93031207173
"490",2018-07-09,0,0,2320.23821444515
"491",2018-07-10,0,0,859.098827895923
"492",2018-07-11,0,0,1077.25248735675
"493",2018-07-12,0,0,1882.63140027835
"494",2018-07-13,0,0,1590.6874850606
"495",2018-07-14,0,0,-58.5965876835092
"496",2018-07-15,0,0,104.251384941196
"497",2018-07-16,0,0,939.634954922721
"498",2018-07-17,0,0,609.087921507232
"499",2018-07-18,0,0,824.017092877995
"500",2018-07-19,0,0,1764.1597719847
"501",2018-07-20,0,0,973.804527658758
"502",2018-07-21,0,0,-459.504212341337
"503",2018-07-22,0,0,1035.13518188373
"504",2018-07-23,0,0,-139.358827122489
"505",2018-07-24,0,0,-230.202112829811
"506",2018-07-25,0,0,802.844928034038
"507",2018-07-26,0,0,1175.88518882666
"508",2018-07-27,0,0,886.130795471655
"509",2018-07-28,0,0,1029.25780789105
"510",2018-07-29,0,0,1545.12009522186
"511",2018-07-30,0,0,486.292788135827
"512",2018-07-31,-139.176094740394,829.721010819752,709.993156626595
"513",2018-08-01,-159.16625232072,3430.3363166594,176.178827338496
"514",2018-08-02,-69.8571519797059,993.925493319667,796.458337766901
"515",2018-08-03,-157.003830518996,883.306112752479,311.12356691019
"516",2018-08-04,-267.195816462407,5002.33436126116,1241.0147744381
"517",2018-08-05,-233.148474571989,3402.68336702813,839.557379430666
"518",2018-08-06,-184.681241282024,4014.91152136743,803.02442939708
"519",2018-08-07,-303.699305047978,3258.36815381218,634.051468802738
"520",2018-08-08,-278.22878357747,3952.43675095598,733.709875411575
"521",2018-08-09,-143.012419524568,5153.79251596283,270.415749064599
"522",2018-08-10,-280.127951425711,5040.86407143705,725.328432394845
"523",2018-08-11,-109.44701641203,3873.58337867314,1099.71392170939
"524",2018-08-12,-102.140968806367,1494.53295334788,885.893541803404
"525",2018-08-13,-107.470804207808,1343.36717647752,799.789755222378
"526",2018-08-14,-142.395115374145,3503.21171316746,226.718443359252
"527",2018-08-15,-167.43588938629,4494.16343024273,361.213916128538
"528",2018-08-16,84.8168075744093,5029.72129060563,688.311415581366
"529",2018-08-17,-420.837540890275,2958.54447275757,-42.1844836857805
"530",2018-08-18,-215.098408194524,1832.75767298073,-223.186965743623
"531",2018-08-19,-128.504460428087,3807.40848607779,664.596592736674
"532",2018-08-20,-92.984890657698,1381.88598551854,418.971394707907
"533",2018-08-21,-278.664251868751,3100.86604566417,810.278538095435
"534",2018-08-22,-161.982732320636,4061.20268520584,-242.9058840504
"535",2018-08-23,-108.292723633705,5443.9573089397,477.044819567371
"536",2018-08-24,-222.837322517913,5284.46282994292,1450.91170412043
"537",2018-08-25,-306.394493933678,4621.37511222027,1053.24972730916
"538",2018-08-26,-254.923637007835,3732.9648945992,345.598576609338
"539",2018-08-27,-273.000557520308,3849.36688411437,546.917826735434
"540",2018-08-28,-202.966924671817,5051.95135416493,658.168610837426
"541",2018-08-29,-224.116521636647,4883.40300551095,398.040741063124
"542",2018-08-30,8.14535536488179,4168.54247542204,864.638181848793
"543",2018-08-31,-114.237841103504,4158.11048420963,1144.61374408594
"544",2018-09-01,-44.4005728489813,2301.69101351365,820.409898212914
"545",2018-09-02,-148.545313149324,4085.72966689049,1165.82757249153
"546",2018-09-03,-65.7088983543319,5063.35051532052,1101.23308132841
"547",2018-09-04,-124.605754831523,4594.45822420148,1214.6715176501
"548",2018-09-05,-140.184556686525,5274.08024336062,812.971729515102
"549",2018-09-06,-69.0983384929646,4843.28890914994,574.481857601598
"550",2018-09-07,-96.0171645018221,2468.73532438139,777.032917849124
"551",2018-09-08,138.434055218637,84.8526485007384,-197.849068523619
"552",2018-09-09,97.29313758887,45.9710375350791,-267.649149953393
"553",2018-09-10,-25.6250196230888,-82.2370894139967,232.941322355263
"554",2018-09-11,-16.2879843614929,488.732910557542,222.524048098741
"555",2018-09-12,-6.45857520162825,594.637215130595,459.346783311073
"556",2018-09-13,8.37357034371298,983.417083034611,230.649079301376
"557",2018-09-14,51.9739282597014,426.713799665271,-24.4581252651669
"558",2018-09-15,-22.7767314595033,1051.5927558944,295.238561779401
"559",2018-09-16,-55.8191893401212,994.028200544361,261.48031472617
"560",2018-09-17,-10.5878634861201,513.088106007368,-571.849997210453
"561",2018-09-18,-16.691023845303,2826.276965508,-688.888584967024
"562",2018-09-19,-104.609380470923,2898.81672486601,558.000315970908
"563",2018-09-20,-70.3383888828933,3061.15441072022,980.348580409851
"564",2018-09-21,-42.67803592047,2999.35418455439,818.225604734216
"565",2018-09-22,43.3339714802523,1466.89936443695,-937.984716791822
"566",2018-09-23,81.4827619021358,-62.7735152305549,-853.395970122367
"567",2018-09-24,61.7598994011423,97.5435517477646,-581.847656222147
"568",2018-09-25,-88.5931513581287,774.807466102581,84.8243108595526
"569",2018-09-26,-122.457671090015,884.057489155438,-125.256847745082
"570",2018-09-27,72.8124935846156,61.9422717003467,128.004979933255
"571",2018-09-28,-23.2458312722771,729.929881058113,1756.88407158214
"572",2018-09-29,0,0,915.627469474572
"573",2018-09-30,0,0,1117.23323417195
"574",2018-10-01,0,0,802.148790488713
"575",2018-10-02,0,0,-227.022750422988
"576",2018-10-03,0,0,229.164712698829
"577",2018-10-04,0,0,319.030133650399
"578",2018-10-05,0,0,592.924004904056
"579",2018-10-06,0,0,1727.57046368777
"580",2018-10-07,0,0,1087.30296373019
"581",2018-10-08,0,0,886.173593493917
"582",2018-10-09,0,0,-78.1114101388058
"583",2018-10-10,0,0,-164.280922958365
"584",2018-10-11,0,0,-238.749953476519
"585",2018-10-12,0,0,-140.855553208652
"586",2018-10-13,0,0,827.366581672659
"587",2018-10-14,0,0,-12.1781008097316
"588",2018-10-15,0,0,0
"589",2018-10-16,0,0,1308.1915802059
"590",2018-10-17,0,0,323.07022762825
"591",2018-10-18,0,0,253.885935047582
"592",2018-10-19,0,0,1493.73079509025
"593",2018-10-20,0,0,-478.270488150511
"594",2018-10-21,0,0,-507.058045424416
"595",2018-10-22,0,0,1822.69674162012
"596",2018-10-23,0,0,361.232928658338
"597",2018-10-24,0,0,-239.247405061039
"598",2018-10-25,0,0,856.071091192907
"599",2018-10-26,0,0,-272.427660741177
"600",2018-10-27,0,0,-36.7863925521814
"601",2018-10-28,0,0,102.47391628751
"602",2018-10-29,0,0,-1243.91647784514
"603",2018-10-30,0,0,857.279972113241
"604",2018-10-31,0,0,390.544052315832
"605",2018-11-01,0,0,-461.735122793192
"606",2018-11-02,0,0,-1417.72373411477
"607",2018-11-03,0,0,342.3550598914
"608",2018-11-04,0,0,0
"609",2018-11-05,0,0,0.218348714998655
"610",2018-11-06,0,0,-904.825059628544
"611",2018-11-07,-40.4586864438899,102.771573399209,-1278.09208516111
"612",2018-11-08,-10.6469799398293,1218.65694547229,847.32823637226
"613",2018-11-09,38.0106873210694,39.5912945672283,-850.073645190906
"614",2018-11-10,-0.485688086784201,1628.90125718009,1174.63617635631
"615",2018-11-11,18.8304651998229,655.858381379181,2159.39040633973
"616",2018-11-12,-21.1921193121615,519.403458717412,696.486455935823
"617",2018-11-13,37.4159592642016,255.645330524637,51.7380550528315
"618",2018-11-14,0.622440404934175,835.162083758333,889.723134136518
"619",2018-11-16,-18.8432785168014,933.390861815616,411.168549921439
"620",2018-11-17,-6.37503182338852,384.406725616791,806.396960567769
"621",2018-11-18,-29.869726624812,308.598236727019,1153.62884988644
"622",2018-11-19,-26.2190411316247,559.319398373599,1271.34358282079
"623",2018-11-20,12.7645973443526,430.980743958881,477.940159409547
"624",2018-11-21,8.94452152541691,623.039955432845,1090.18722612532
"625",2018-11-22,25.4199722446998,710.984057772302,976.769913781907
"626",2018-11-23,16.0020897934797,853.892557971608,2136.24049272552
"627",2018-11-24,52.774287621828,-38.159044162575,-200.285680591572
"628",2018-11-25,-45.7192374906433,708.890504471035,1080.61291802579
"629",2018-11-26,3.30206549310674,154.499703285214,-586.602483605598
"630",2018-11-27,21.00339746713,823.323977204729,-292.101577016496
"631",2018-11-28,16.6663188874382,750.53601634139,1756.37841463074
"632",2018-11-29,27.0611496683707,328.021652992795,893.719063609145
"633",2018-11-30,29.5510922593587,483.139836432181,454.041556236251
"634",2018-12-01,-2.78926216167692,-52.4436206796584,72.4361963614464
"635",2018-12-02,-0.537424218900725,0.082817564678357,14.2641519401201
"636",2018-12-03,0,0,0
"637",2018-12-04,-9.09262404834047,323.043949513252,-184.04094043077
"638",2018-12-05,14.5537095353474,134.974205027438,964.741876828637
"639",2018-12-06,41.0756337771699,399.961407813994,697.463631400589
"640",2018-12-07,15.7762621085198,322.932207610715,674.129863109074
"641",2018-12-08,6.23094263978684,-21.4165126368409,-2.82808351987998
"642",2018-12-09,0,0,0
"643",2018-12-10,0,-0.627418549576584,-5.60126302660773
"644",2018-12-11,0,0,0
"645",2018-12-12,0,0,0
"646",2018-12-14,0,-6.44685932598556,28.8371179376378
"647",2018-12-15,47.8635126533185,-71.0471991462086,376.916590703856
"648",2018-12-16,8.43419922688355,1.89512189652156,315.14851737632
"649",2018-12-17,0,0,0
"650",2018-12-18,0,0,0
"651",2018-12-19,0,-1.53865397198421,-8.33597940614933
"652",2018-12-20,0,-5.46655214652337,-54.683725296309
"653",2018-12-21,0,-60.2845118765731,-107.453892079336
"654",2018-12-22,0,-82.0085012151489,-290.769568170149
"655",2018-12-23,0,1.40624266762121,3.48367232331662
"656",2018-12-24,0,1.74396637323891,39.4127335431173
"657",2018-12-25,0,0,0
"658",2018-12-26,0,-11.4306963191482,-17.9123701896006
"659",2018-12-27,0,-7.17010700108811,-9.42169322515427
"660",2018-12-28,0,-32.8220126498582,2.61802731666419
"661",2018-12-29,0,-38.0642231970247,-21.7333522198861
"662",2018-12-30,0,0,0
"663",2018-12-31,0,-6.02540441783138,-6.6622606446624
"664",2019-01-01,0,1011.53436579367,-235.081681439764
"665",2019-01-02,0,-3.74128693943497,3.91650245071462
"666",2019-01-03,0,-6.64237407093541,-0.256286114263331
"667",2019-01-04,0,-39.2503977794123,-50.5886214162535
"668",2019-01-05,0,62.716379253955,28.2666152086609
"669",2019-01-06,0,-12.1572699005993,-74.1532450651752
"670",2019-01-07,0,0,0
"671",2019-01-08,0,-14.7749234315786,-183.873048874696
"672",2019-01-09,0,-28.3013415894525,-185.573015502791
"673",2019-01-10,0,0,0
"674",2019-01-11,0,0,0
"675",2019-01-12,0,-16.8469134361648,28.5493564514534
"676",2019-01-13,0,-45.0763287752816,-31.1947811676362
"677",2019-01-14,0,-29.9569123637987,-60.474576205329
"678",2019-01-15,0,-2.72906902590546,-2.80773533824194
"679",2019-01-16,0,-1.49155409017108,9.98962330923067
"680",2019-01-17,0,-5.40864936351873,-15.8753329446816
"681",2019-01-18,0,-29.240331988334,-21.8955248772231
"682",2019-01-19,0,-24.7481350352968,-36.0521169592906
"683",2019-01-20,0,0,0
"684",2019-01-21,0,0,0
"685",2019-01-22,0,0,0
"686",2019-01-23,0,-56.282413025319,-160.415102539533
"687",2019-01-24,0,-174.995934814676,-824.166353756999
"688",2019-01-25,0,0,0
"689",2019-01-26,0,0,0
"690",2019-01-27,0,0,0
"691",2019-01-28,0,0,0
"692",2019-01-29,0,-15.4190854038276,16.4056540707213
"693",2019-01-30,0,0,0
"694",2019-01-31,0,0,0
"695",2019-02-01,0,0,0
"696",2019-02-02,0,0,0
"697",2019-02-03,0,0.373918780831278,5.4991311978911
"698",2019-02-04,0,-11.2052141494363,-23.4589697194722
"699",2019-02-05,0,0,0
"700",2019-02-06,0,-83.6949751647135,-151.805802544997
"701",2019-02-07,0,-34.9998165378597,138.043257691846
"702",2019-02-08,0,-29.4445591194837,-0.798908578014094
"703",2019-02-09,0,0,0
"704",2019-02-10,0,0,0.352475658900645
"705",2019-02-11,0,-12.068902117443,4.04382891353736
"706",2019-02-12,0,0,0
"707",2019-02-13,0,0,0
"708",2019-02-14,0,0,0
"709",2019-02-15,0,0,0
"710",2019-02-16,0,0,0
"711",2019-02-17,0,5.84083479232312,-142.929220047291
"712",2019-02-18,0,1.73772535635077,-301.345371197614
"713",2019-02-19,0,0,0
"714",2019-02-20,0,-41.2598029801949,337.911362498289
"715",2019-02-21,0,-18.6064766439316,170.333390890621
"716",2019-02-22,0,0,0
"717",2019-02-23,0,-9.50556316278707,123.254282919801
"718",2019-02-24,0,25.8684665506576,222.442264245635
"719",2019-02-25,0,0,0
"720",2019-02-26,0,0,0
"721",2019-02-27,0,0,0
"722",2019-02-28,0,-19.920852982692,-78.8618497792756
"723",2019-03-01,0,82.974603090952,124.061435252019
"724",2019-03-02,0,67.6228236452469,151.696657920548
"725",2019-03-03,0,13.0916859150407,25.0649989184616
"726",2019-03-04,0,0,0
"727",2019-03-05,0,0,0
"728",2019-03-06,0,0,0
"729",2019-03-07,0,0,0
"730",2019-03-08,0,0,17.6131773087679
"731",2019-03-09,0,0,-98.9781509280063
"732",2019-03-10,0,0,287.061386465939
"733",2019-03-11,0,0,0
"734",2019-03-12,0,0,0
"735",2019-03-13,0,0,-3.11692609402208
"736",2019-03-14,0,0,0
"737",2019-03-15,0,0,0
"738",2019-03-16,0,0,0
"739",2019-03-17,0,0,0
"740",2019-03-18,0,0,0
"741",2019-03-19,0,0,4.79888235121705
"742",2019-03-20,0,0,0
"743",2019-03-21,0,0,-32.6227381178086
"744",2019-03-22,0,0,-313.404841431223
"745",2019-03-23,0,0,0
"746",2019-03-24,0,0,0
"747",2019-03-25,0,0,-11.7658674093871
"748",2019-03-26,0,0,-226.147482258795
"749",2019-03-27,0,0,0
"750",2019-03-28,0,0,0
"751",2019-03-29,0,0,0
"752",2019-03-30,0,0,0
"753",2019-03-31,0,0,0
"754",2019-04-01,0,0,0
"755",2019-04-02,0,0,0
"756",2019-04-03,0,0,0
"757",2019-04-04,0,0,0
"758",2019-04-05,0,0,0
"759",2019-04-06,0,0,0
"760",2019-04-07,0,0,0
"761",2019-04-08,0,0,0
"762",2019-04-09,0,0,0
"763",2019-04-10,0,0,0
"764",2019-04-11,0,0,0
"765",2019-04-12,0,0,0
"766",2019-04-13,0,0,0
"767",2019-04-14,0,0,0
"768",2019-04-15,0,0,0
"769",2019-04-16,0,0,0
"770",2019-04-17,0,0,0
"771",2019-04-18,0,0,0
"772",2019-04-19,0,0,0
"773",2019-04-20,0,0,0
"774",2019-04-21,0,0,0
"775",2019-04-22,0,0,0
"776",2019-04-23,0,0,0
"777",2019-04-24,0,0,0
"778",2019-04-25,0,0,0
"779",2019-04-26,0,0,0
"780",2019-04-27,0,0,0
"781",2019-04-28,0,0,0
"782",2019-04-29,0,0,0
"783",2019-04-30,0,0,0
"784",2019-05-01,0,0,0
"785",2019-05-02,0,0,0
"786",2019-05-03,0,0,0
"787",2019-05-04,0,0,0
"788",2019-05-05,0,0,0
"789",2019-05-06,0,0,0
"790",2019-05-07,0,0,0
"791",2019-05-08,0,-8.57337277555902,1052.93413956381
"792",2019-05-09,0,0,0
"793",2019-05-10,0,0,0
"794",2019-05-11,0,0,0
"795",2019-05-12,0,0,0
"796",2019-05-13,0,0,0
"797",2019-05-14,0,0,0
"798",2019-05-15,0,0,0
"799",2019-05-16,0,0,0
"800",2019-05-17,0,0,0
"801",2019-05-18,0,0,0
"802",2019-05-19,0,0,0
"803",2019-05-20,0,0,0
"804",2019-05-21,0,0,0
"805",2019-05-22,0,0,0
"806",2019-05-23,0,0,0
"807",2019-05-24,0,0,0
"808",2019-05-25,0,0,0
"809",2019-05-26,0,0,0
"810",2019-05-27,0,0,0
"811",2019-05-28,0,0,0
"812",2019-05-29,0,0,0
"813",2019-05-30,0,0,0
"814",2019-05-31,0,0,0
"815",2019-06-01,0,0,0
"816",2019-06-02,0,0,0
"817",2019-06-03,0,0,0
"818",2019-06-04,0,0,0
"819",2019-06-05,0,0,0
"820",2019-06-06,0,0,0
"821",2019-06-07,0,0,0
"822",2019-06-08,0,0,0
"823",2019-06-09,0,0,0
"824",2019-06-10,0,0,0
"825",2019-06-11,0,10.8235898871406,-30.5851878473267
"826",2019-06-12,0,-60.6287490591028,2357.40479293847
"827",2019-06-13,0,0,0
"828",2019-06-14,0,0,0
"829",2019-06-15,0,0,0
"830",2019-06-16,0,0,0
"831",2019-06-17,0,54.2585697654557,1753.52016582603
"832",2019-06-18,0,0,0
"833",2019-06-19,0,4987.20414785477,1339.79856225816
"834",2019-06-20,0,2239.94710838347,586.267419734509
"835",2019-06-21,0,2405.03216317299,444.784746628106
"836",2019-06-22,0,5239.58614757191,2328.76735017303
"837",2019-06-23,0,5073.97198364679,3244.76026364903
"838",2019-06-24,0,3812.49644140671,1159.41569996733
"839",2019-06-25,0,6211.79548914518,210.493463890652
"840",2019-06-26,0,6106.19971755386,1804.95383101183
"841",2019-06-27,0,5028.30790041309,1405.70286372202
"842",2019-06-28,0,4691.31529789953,1381.98847269836
"843",2019-06-29,0,5454.50154228915,1671.44672928931
"844",2019-06-30,0,6347.85250061854,2066.32890626508
"845",2019-07-01,0,5272.99524325095,3447.69418198499
"846",2019-07-02,0,3866.94898013848,2531.21567477771
"847",2019-07-03,0,4106.8208757124,2030.91384173608
"848",2019-07-04,0,4913.32434424718,1368.30878054167
"849",2019-07-05,0,4638.6764433332,1244.10672574647
"850",2019-07-06,0,5313.44666742324,998.168590194272
"851",2019-07-07,0,3486.6691328677,658.559855457667
"852",2019-07-08,0,730.224855262208,-82.7869240766152
"853",2019-07-09,0,6548.28487582635,2050.34807045269
"854",2019-07-10,0,6565.46279747143,2016.58905483307
"855",2019-07-11,0,2588.51420034504,-40.8469900661448
"856",2019-07-12,0,0,0
"857",2019-07-13,0,0,0
"858",2019-07-14,0,0,0
"859",2019-07-15,0,0,0
"860",2019-07-16,0,0,0
"861",2019-07-17,0,0,0
"862",2019-07-18,0,0,0
"863",2019-07-19,0,0,0
"864",2019-07-20,0,0,0
"865",2019-07-21,0,0,0
"866",2019-07-22,0,0,0
"867",2019-07-23,0,0,0
"868",2019-07-24,0,0,0
"869",2019-07-25,0,0,0
"870",2019-07-26,0,0,0
"871",2019-07-27,0,0,0
"872",2019-07-28,0,0,0
"873",2019-07-29,0,0,0
"874",2019-07-30,0,0,0
"875",2019-07-31,0,0,0
"876",2019-08-01,0,0,0
"877",2019-08-02,0,0,0
"878",2019-08-03,0,0,0
"879",2019-08-04,0,0,0
"880",2019-08-05,0,0,0
"881",2019-08-06,0,0,0
"882",2019-08-07,0,0,0
"883",2019-08-08,0,0,0
"884",2019-08-09,0,0,0
"885",2019-08-10,0,0,0
"886",2019-08-11,0,0,0
"887",2019-08-12,0,0,0
"888",2019-08-13,0,0,0
"889",2019-08-14,0,0,0
"890",2019-08-15,0,0,0
"891",2019-08-16,0,0,0
"892",2019-08-17,0,0,0
"893",2019-08-18,0,0,0
"894",2019-08-19,0,0,0
"895",2019-08-20,0,0,0
"896",2019-08-21,0,0,0
"897",2019-08-22,0,0,0
"898",2019-08-23,0,0,0
"899",2019-08-24,0,0,0
"900",2019-08-25,0,0,0
"901",2019-08-26,0,0,0
"902",2019-08-28,0,0,0
"903",2019-08-29,0,0,0
"904",2019-08-30,0,0,0
"905",2019-08-31,0,0,0
"906",2019-09-01,0,0,0
"907",2019-09-02,0,0,0
"908",2019-09-03,0,0,0
"909",2019-09-04,0,0,0
"910",2019-09-05,0,0,0
"911",2019-09-06,0,0,0
"912",2019-09-07,0,0,0
"913",2019-09-08,0,0,0
"914",2019-09-09,0,0,0
"915",2019-09-10,0,0,0
"916",2019-09-11,0,0,0
"917",2019-09-12,0,0,0
"918",2019-09-13,0,0,0
"919",2019-09-14,0,0,0
"920",2019-09-15,0,0,0
"921",2019-09-16,0,0,0
"922",2019-09-17,0,0,0
"923",2019-09-18,0,0,0
"924",2019-09-19,0,0,0
"925",2019-09-20,0,0,0
"926",2019-09-21,0,0,0
"927",2019-09-22,0,0,0
"928",2019-09-23,0,0,0
"929",2019-09-24,0,0,0
"930",2019-09-25,0,0,0
"931",2019-09-26,0,0,0
"932",2019-09-27,0,0,0
"933",2019-09-28,0,0,0
"934",2019-09-29,0,0,0
"935",2019-09-30,0,0,0
"936",2019-10-01,0,0,0
"937",2019-10-02,0,0,0
"938",2019-10-03,0,0,0
"939",2019-10-04,0,0,0
"940",2019-10-05,0,0,0
"941",2019-10-06,0,0,0
"942",2019-10-07,0,0,0
"943",2019-10-08,-8.95668207179445,500.430462207159,-41.9329962968308
"944",2019-10-09,8.16400332850771,1391.00940478532,2087.68856372939
"945",2019-10-10,3.88764401223431,15.7733276052743,2484.54230675596
"946",2019-10-11,-22.4076683585068,1144.93498138601,1802.08717102629
"947",2019-10-12,3.20009305014481,16.3540883871624,532.326463276185
"948",2019-10-13,0,0,0
"949",2019-10-14,-73.9531586005733,1834.67745303232,2018.93933122641
"950",2019-10-15,19.6834647995795,1312.77326471209,2218.17522830705
"951",2019-10-16,0,535.990758594736,-1547.13072210633
"952",2019-10-17,-51.8568819894807,2391.43887320199,-1994.8903016837
"953",2019-10-18,-46.1537195358638,2208.76761980744,930.340923463736
"954",2019-10-19,-110.826870897285,1617.61976924733,2249.95985553213
"955",2019-10-20,14.7523683682937,325.952942228918,-292.149537475766
"956",2019-10-21,-13.9779470578551,1272.8711296613,1540.2344143301
"957",2019-10-22,0.0562797460168382,-324.987266304645,-370.319680435374
"958",2019-10-23,-55.9671126115433,2683.26717850006,903.735670428086
"959",2019-10-24,-75.5270166667528,2184.75984613271,1783.42164457338
"960",2019-10-25,-109.968839739814,1161.11107981084,1034.14730410857
"961",2019-10-26,-44.3900737010902,646.35923701116,128.043869965935
"962",2019-10-27,48.1546226260008,760.515871071642,-297.708657670858
"963",2019-10-28,-2.74252374745302,779.475659084136,1156.72544903533
"964",2019-10-29,0,898.953708898236,1526.60144781496
"965",2019-10-30,-6.17998699070798,5.54668391665641,590.43983317206
"966",2019-10-31,98.4113063102027,-1131.30782693962,-1541.91625374318
"967",2019-11-01,43.5404877990778,2375.74799747175,245.914259657907
"968",2019-11-02,-8.39872299800286,925.735317363958,2591.28738556328
"969",2019-11-03,-50.0673168146541,1115.6493989977,1862.91767278737
"970",2019-11-04,-23.9022953068141,1339.56379771862,2092.49836178161
"971",2019-11-05,-9.252749203942,-77.8742631384121,-243.271905228625
"972",2019-11-06,0,0,0
"973",2019-11-07,0,0,-36.3321047224887
"974",2019-11-08,29.9310172792479,1172.29515729628,802.985925172589
"975",2019-11-09,2.66118555877866,614.169160470675,2038.25780880366
"976",2019-11-10,-2.10900012640803,694.00639576603,966.009658032214
"977",2019-11-11,-39.1735285663163,1058.91017066013,1024.87752381094
"978",2019-11-12,50.7283594109719,952.123182941181,-1303.0934925607
"979",2019-11-13,25.4468766838635,441.398514610665,1872.78317368997
"980",2019-11-14,29.6671134807211,458.765058177251,1764.13687379631
"981",2019-11-15,2.42294032563917,264.948497278311,1984.2664474557
"982",2019-11-16,3.6997623528885,333.41669804482,1692.1716619839
"983",2019-11-17,16.0769272243275,385.790198559756,1351.07990903415
"984",2019-11-18,19.1939457366626,-181.081390396469,1027.78123901473
"985",2019-11-19,25.3714419152821,152.501626418659,1112.10528847475
"986",2019-11-20,39.6830584724468,144.149926064823,399.542509897702
"987",2019-11-21,-46.6528050124152,190.111041666854,1288.85856499095
"988",2019-11-22,38.7429185680468,-185.669286546202,-896.967774659737
"989",2019-11-23,-1.15948429801532,48.9429082577978,292.109225371028
"990",2019-11-24,39.8861248991864,650.898938749194,801.11734768843
"991",2019-11-25,-25.4944608695095,349.494320760345,1709.76322673309
"992",2019-11-26,-7.7355308177212,299.085156129954,1642.69411696418
"993",2019-11-27,33.0372238319061,-314.354117507429,974.124791356562
"994",2019-11-28,50.7146684118908,721.879196342713,-1440.25444840976
"995",2019-11-29,1.74328425326285,252.450202387378,987.163262395009
"996",2019-11-30,12.5992169805817,315.740723631899,715.459750300703
"997",2019-12-01,-81.6350326443564,168.978003779202,244.237230662064
"998",2019-12-02,10.3017539994124,226.067873938076,-53.7387833136259
"999",2019-12-03,10.7655626484488,-175.761027303002,75.3566579082635
"1000",2019-12-04,27.0032563821068,542.670447675594,-55.5055323328528
"1001",2019-12-05,37.4540607770841,723.666301107371,-71.2693542050741
"1002",2019-12-06,-6.56709080047469,296.107344831717,78.1305202777781
"1003",2019-12-07,4.6192044428102,231.07274811431,1366.7383365457
"1004",2019-12-08,-33.109619247924,513.508941565923,1552.612382528
"1005",2019-12-09,193.968198562048,-135.248853965783,-818.590828755917
"1006",2019-12-10,-2.64264981846229,-10.5323675008318,-2.17641731551043
"1007",2019-12-11,0,0,0
"1008",2019-12-12,0,0,0
"1009",2019-12-13,0,0,0
"1010",2019-12-14,0,0,0
"1011",2019-12-15,0,0,0
"1012",2019-12-16,0,0,0
"1013",2019-12-17,0,0,0
"1014",2019-12-18,0,0,0
"1015",2019-12-19,0,0,0
"1016",2019-12-20,0,0,0
"1017",2019-12-21,0,0,0
"1018",2019-12-22,0,0,0
"1019",2019-12-23,0,0,0
"1020",2019-12-24,0,0,0
"1021",2019-12-25,0,0,0
"1022",2019-12-26,0,0,0
"1023",2019-12-27,0,0,0
"1024",2019-12-28,0,0,0
"1025",2019-12-29,0,0,0
"1026",2019-12-30,0,0,0
"1027",2019-12-31,0,0,0
"1028",2020-01-01,0,0,0
"1029",2020-01-02,0,0,0
"1030",2020-01-03,0,0,0
"1031",2020-01-04,0,0,0
"1032",2020-01-05,0,0,0
"1033",2020-01-06,0,0,0
"1034",2020-01-07,0,0,0
"1035",2020-01-08,0,0,0
"1036",2020-01-09,0,0,0
"1037",2020-01-10,0,0,0
"1038",2020-01-11,0,0,0
"1039",2020-01-12,0,0,0
"1040",2020-01-13,0,0,0
"1041",2020-01-14,0,0,0
"1042",2020-01-15,0,0,0
"1043",2020-01-16,0,0,0
"1044",2020-01-17,0,0,0
"1045",2020-01-18,0,0,0
"1046",2020-01-19,0,0,0
"1047",2020-01-20,0,0,0
"1048",2020-01-21,0,0,1377.55278099029
"1049",2020-01-22,0,0,2667.40504206174
"1050",2020-01-23,0,0,1129.92047683011
"1051",2020-01-24,0,0,416.836477054376
"1052",2020-01-25,0,0,-900.058674852073
"1053",2020-01-26,0,0,549.59490898016
"1054",2020-01-27,0,0,924.377579949274
"1055",2020-01-28,0,0,321.893145110497
"1056",2020-01-29,0,0,1772.90217115655
"1057",2020-01-30,0,0,1581.44544325357
"1058",2020-01-31,0,0,915.638069463468
"1059",2020-02-01,0,0,1129.02951347662
"1060",2020-02-02,0,0,-39.9785213657318
"1061",2020-02-03,0,0,0
"1062",2020-02-04,0,0,378.71314966017
"1063",2020-02-05,9.73866559038993,228.075819747214,-237.870655467107
"1064",2020-02-06,21.5919879108545,28.157600643616,90.2257389940651
"1065",2020-02-07,138.350880701408,515.954727172765,-138.63967390012
"1066",2020-02-08,19.824390083266,202.842591469742,-630.853145104914
"1067",2020-02-09,0,0,0
"1068",2020-02-10,0,0,0
"1069",2020-02-11,0,0,0
"1070",2020-02-12,9.21917769443973,110.135263013918,-41.1715606906076
"1071",2020-02-13,38.2275258220634,190.488049835815,-1360.56974097501
"1072",2020-02-14,27.1853102245238,1471.86429582594,2614.94705593989
"1073",2020-02-15,38.3732723353196,730.108119210268,3131.10054079653
"1074",2020-02-16,1.46793480887755,0.0620708655267775,-7.93120983584828
"1075",2020-02-17,3.20262818329537,581.028099242034,2602.24308878883
"1076",2020-02-18,34.7056287010793,677.285622562583,131.561009817883
"1077",2020-02-19,6.11179025451234,1081.41760351489,1307.24230221841
"1078",2020-02-20,14.8128527015343,446.058906235479,1017.29141318161
"1079",2020-02-21,22.543852766945,676.685150223191,3247.64364265013
"1080",2020-02-22,17.7209004733395,732.049044326243,3690.42035234365
"1081",2020-02-23,3.57446981432698,810.127932218441,3406.00540840404
"1082",2020-02-24,2.88041163826056,610.391931523076,1890.3175655224
"1083",2020-02-25,50.7693474968506,323.096737983895,504.604531665814
"1084",2020-02-26,56.4834213907517,68.839231133756,499.071866258184
"1085",2020-02-27,818.200457569185,132.385336395785,3054.65580331224
"1086",2020-02-28,-9.40629669564253,775.706248127905,1530.09605734222
"1087",2020-02-29,21.4165865775833,1004.82344406042,2202.45446119343
"1088",2020-03-01,-4.85209387140929,842.659271980462,3616.12858117894
"1089",2020-03-02,-36.7808144999536,925.297106658357,2270.03988712488
"1090",2020-03-03,29.5156012180522,708.895976997938,-35.6799701227283
"1091",2020-03-04,32.8777708924825,2557.00370285733,821.236893058345
"1092",2020-03-05,-14.5448190675875,995.839244516762,2075.29285662414
"1093",2020-03-06,19.7179258868093,693.682422936051,704.459354319843
"1094",2020-03-07,5.70147520832189,1313.64114429642,3295.41157515749
"1095",2020-03-08,-41.7763217096345,1230.05456754954,4116.7023577229
"1096",2020-03-09,0.532125899528868,1167.92000067723,3130.59303225609
"1097",2020-03-10,-2.41485044029196,1065.41158428163,-292.735510554061
"1098",2020-03-11,4.31765627230435,356.862059385171,110.51529811802
"1099",2020-03-12,3.21602642523986,978.737872102328,4069.7256512704
"1100",2020-03-13,10.3407002607091,2694.91857289472,1668.06990652777
"1101",2020-03-14,24.6438630340374,1749.2817635838,1460.49422175671
"1102",2020-03-16,29.3289822235179,853.720125962083,1689.93392116191
"1103",2020-03-17,31.9716918193507,1170.06600839838,2698.78331664424
"1104",2020-03-18,36.267107698832,953.656117038282,1422.68732398815
"1105",2020-03-19,44.7630140575493,1152.9503143155,783.326799234519
"1106",2020-03-20,11.7333145165996,1128.93321725223,-427.554510610982
"1107",2020-03-21,0,875.605997374641,1405.72061570514
"1108",2020-03-22,-14.9009407202635,1549.80252903353,3831.69126799097
"1109",2020-03-23,45.7975873687602,309.642490442478,-620.152482660598
"1110",2020-03-24,9.82611826515326,1024.98813013886,2152.67861419839
"1111",2020-03-25,42.1353973798295,-234.859104868937,-1221.83475651674
"1112",2020-03-26,29.0040590644938,1925.83557299438,4668.47309561338
"1113",2020-03-27,-15.6330606559736,1220.06750630317,1982.10796567005
"1114",2020-03-28,28.4364474528881,831.609408731164,1440.0688590274
"1115",2020-03-29,46.5683306582172,1404.81741121165,2325.8239932702
"1116",2020-03-30,21.0172306670557,3878.69822037109,2545.00782384224
"1117",2020-03-31,32.708645457849,1045.58313430369,227.914371881524
"1118",2020-04-01,-39.2997058596766,1256.6966380603,1517.72491317971
"1119",2020-04-02,-5.15250863270782,2771.32152036064,2771.54404236877
"1120",2020-04-03,-0.832658218967926,5.48882792564859,-14.8704394657504
"1121",2020-04-04,-83.6676899372257,1616.69280896242,3541.85898011572
"1122",2020-04-05,-94.3613129476519,1561.44698240553,3011.35893824527
"1123",2020-04-06,2.38455398952,2433.54803625453,3043.19331260905
"1124",2020-04-07,-63.9301723712787,1964.39519753354,1441.12042327002
"1125",2020-04-08,-128.298335586094,3058.16350434189,1227.91309720109
"1126",2020-04-09,-177.230196420825,2181.46982631294,2456.21866139549
"1127",2020-04-10,-31.852686281477,2459.20154172263,1926.70249686701
"1128",2020-04-11,-70.8894170225696,2924.70500787452,3475.1974089447
"1129",2020-04-12,-105.693557563831,2048.59133579872,1146.82881437618
"1130",2020-04-13,57.0521775705169,2477.49351487863,-1695.1398666617
"1131",2020-04-14,-51.7012779725572,2716.33030585878,2408.84268392723
"1132",2020-04-15,-66.0123741511442,2534.54279378154,3985.67280508267
"1133",2020-04-16,-89.0693070758355,2531.53788428799,3840.60117908884
"1134",2020-04-17,-111.384613198506,1832.69106933576,3020.78841743222
"1135",2020-04-18,-112.218495231696,1613.72343904389,2450.93415627564
"1136",2020-04-19,-197.603020389126,2404.34664911022,3225.99066864029
"1137",2020-04-20,-206.687851624215,1561.23210400112,2272.11815097327
"1138",2020-04-21,10.4244960671096,2286.39995783515,1571.49700530593
"1139",2020-04-22,-70.5663865411874,3383.59481747126,2908.65186677261
"1140",2020-04-23,-79.4211480606027,1075.49268271969,91.9157577020036
"1141",2020-04-24,-27.4840547761964,330.198609136074,74.6108727824772
"1142",2020-04-25,-173.474813907943,2039.42714297509,2455.8371994691
"1143",2020-04-26,30.4193105852153,197.676081408283,129.596932107033
"1144",2020-04-27,-119.787371252419,2362.01414058767,1716.88845324184
"1145",2020-04-28,-64.1423752005645,504.81608828271,6.53181387967324
"1146",2020-04-29,-161.571830945158,1909.97131658078,1692.27652304518
"1147",2020-04-30,101.928225285925,608.357181488975,-2277.26910934575
"1148",2020-05-01,-108.022426116004,3413.46988974452,1627.8956772218
"1149",2020-05-02,-192.665286692227,4616.78956298975,2161.68892784954
"1150",2020-05-03,-63.9333335517866,2869.32729639202,-914.188648199168
"1151",2020-05-04,-95.4666780214121,5734.16559398844,1607.13524353233
"1152",2020-05-05,-118.858032841946,2397.57343937139,327.649932616606
"1153",2020-05-06,-62.7263063564474,2130.98343697188,208.033703900435
"1154",2020-05-07,-166.664158758245,4333.86456168385,2820.36101000773
"1155",2020-05-08,-108.03806772094,1002.89289306226,-1120.47287732707
"1156",2020-05-09,-135.404143133064,2837.44568373938,1197.42304177808
"1157",2020-05-10,-197.546427396844,3589.77224166808,3880.48990179524
"1158",2020-05-11,-193.069973966494,2989.65003931652,2238.69003460924
"1159",2020-05-12,-155.057838197676,3417.59144802161,2210.50624020562
"1160",2020-05-13,-283.16349358909,3797.41469874734,4165.49208104982
"1161",2020-05-14,-277.693672307604,2791.36531234701,1930.77740314806
"1162",2020-05-15,-57.7306811335066,2653.17345844525,1344.31914408041
"1163",2020-05-16,1.67702472393145,2353.30322785834,1287.73343119281
"1164",2020-05-17,0,1184.97282564799,467.556955427789
"1165",2020-05-18,-91.9643781627473,755.287561582581,531.709901925407
"1166",2020-05-19,-137.42328612865,2225.45851906112,271.460032367299
"1167",2020-05-20,0,0,-20.4366866764596
"1168",2020-05-21,-153.214240697831,1420.82730728457,1122.85509990811
"1169",2020-05-22,-90.9632022241232,1038.28788727309,375.970541854459
"1170",2020-05-23,-188.989055154812,3033.42920029333,1944.5756697117
"1171",2020-05-24,-9.38309280360892,-61.0793110850889,1631.72314255411
"1172",2020-05-25,0,0,0
"1173",2020-05-26,-167.928249340877,1846.04161307302,2798.05817383169
"1174",2020-05-27,22.9218487866191,2309.1308453653,310.835310914253
"1175",2020-05-28,-195.141989113435,3463.34558346908,-602.437417432386
"1176",2020-05-29,9.90654974436403,441.296958733841,369.056049238072
"1177",2020-05-30,0,3354.35824275514,776.258363129013
"1178",2020-05-31,0,5439.9379626629,1466.96064420886
"1179",2020-06-01,-316.232726146902,6051.1027871042,2394.91612062253
"1180",2020-06-02,-188.328486474604,3750.30057664819,1258.86670570608
"1181",2020-06-03,11.0145977183001,982.333479371083,40.1865109684711
"1182",2020-06-04,0,1209.99701829266,675.225493014023
"1183",2020-06-05,0,983.232906697535,840.839823190676
"1184",2020-06-06,0,1366.23097506089,576.293385932381
"1185",2020-06-07,0,4608.49362508977,1850.67295873675
"1186",2020-06-08,0,-38.682748783402,3024.73142859192
"1187",2020-06-09,-209.321242590442,1647.81930563699,1969.33104673394
"1188",2020-06-10,6.27448495168398,1609.58508371209,855.7936506815
"1189",2020-06-11,0,3381.94610481028,415.730281819417
"1190",2020-06-12,0,-2.87038331016888,1577.57358367374
"1191",2020-06-13,-289.772998563536,4333.70419244432,1653.12746635367
"1192",2020-06-14,-200.62002605554,2147.05395587249,415.975344237258
"1193",2020-06-15,-316.873190384957,3856.35973933503,1596.47550677978
"1194",2020-06-16,-45.2984785694318,836.546852640457,1140.44208895538
"1195",2020-06-17,0,0,0
"1196",2020-06-18,0,0,-83.4649741823133
"1197",2020-06-19,0,0,1645.21820832433
"1198",2020-06-20,0,0,1447.66121690476
"1199",2020-06-21,0,0,0
"1200",2020-06-22,0,0,0
"1201",2020-06-23,0,0,0
"1202",2020-06-24,0,0,0
"1203",2020-06-25,0,0,0
"1204",2020-06-26,0,0,0
"1205",2020-06-27,0,0,0
"1206",2020-06-28,0,0,0
"1207",2020-06-29,0,0,0
"1208",2020-06-30,0,0,0
"1209",2020-07-01,0,0,0
"1210",2020-07-02,0,0,0
"1211",2020-07-03,0,0,0
"1212",2020-07-04,0,0,0
"1213",2020-07-05,0,0,0
"1214",2020-07-06,0,0,0
"1215",2020-07-07,0,0,0
"1216",2020-07-08,0,0,0
"1217",2020-07-09,0,0,0
"1218",2020-07-10,0,0,0
"1219",2020-07-11,0,0,0
"1220",2020-07-12,0,0,0
"1221",2020-07-13,0,0,0
"1222",2020-07-14,0,0,0
"1223",2020-07-15,0,0,0
"1224",2020-07-16,0,0,0
"1225",2020-07-17,0,0,0
"1226",2020-07-18,0,0,0
"1227",2020-07-19,0,0,0
"1228",2020-07-20,0,0,0
"1229",2020-07-21,0,0,0
"1230",2020-07-22,0,0,0
"1231",2020-07-23,0,0,0
"1232",2020-07-24,0,0,0
"1233",2020-07-25,0,0,0
"1234",2020-07-26,0,0,0
"1235",2020-07-27,0,0,0
"1236",2020-07-28,0,0,0
"1237",2020-07-29,0,0,0
"1238",2020-07-30,0,0,0
"1239",2020-07-31,0,0,0
"1240",2020-08-01,0,0,0
"1241",2020-08-02,0,0,0
"1242",2020-08-03,0,0,0
"1243",2020-08-04,0,0,0
"1244",2020-08-05,0,0,0
"1245",2020-08-06,0,0,0
"1246",2020-08-07,0,0,0
"1247",2020-08-08,0,0,0
"1248",2020-08-09,0,0,0
"1249",2020-08-10,0,0,0
"1250",2020-08-11,0,0,0
"1251",2020-08-12,0,0,0
"1252",2020-08-13,0,0,0
"1253",2020-08-14,0,0,0
"1254",2020-08-15,0,0,0
"1255",2020-08-16,0,0,0
"1256",2020-08-17,0,0,0
"1257",2020-08-18,0,0,0
"1258",2020-08-19,0,0,0
"1259",2020-08-20,0,0,0
"1260",2020-08-21,0,0,0
"1261",2020-08-22,0,0,0
"1262",2020-08-23,0,0,0
"1263",2020-08-24,0,0,0
"1264",2020-08-25,0,0,0
"1265",2020-08-26,0,-69.2838027939054,147.880096725628
"1266",2020-08-27,0,0,0
"1267",2020-08-28,0,0,0
"1268",2020-08-29,0,0,0
"1269",2020-08-30,0,0,0
"1270",2020-08-31,0,0,0
"1271",2020-09-01,0,0,0
"1272",2020-09-02,0,0,0
"1273",2020-09-03,0,0,0
"1274",2020-09-04,0,0,0
"1275",2020-09-05,0,0,0
"1276",2020-09-06,0,0,0
"1277",2020-09-07,0,0,0
"1278",2020-09-08,0,0,0
"1279",2020-09-09,0,0,0
"1280",2020-09-10,0,0,0
"1281",2020-09-11,0,0,0
"1282",2020-09-12,0,0,0
"1283",2020-09-13,0,0,0
"1284",2020-09-14,0,0,0
"1285",2020-09-15,0,0,0
"1286",2020-09-16,0,2155.66011745152,1325.41780392595
"1287",2020-09-17,0,1220.37708241685,444.321225717666
"1288",2020-09-18,0,3066.70460637019,224.431412621566
"1289",2020-09-19,0,4063.92850488771,1372.30180608568
"1290",2020-09-20,0,2907.11332121016,2360.88089476801
"1291",2020-09-21,0,3054.89072571772,2438.69092690611
"1292",2020-09-22,0,3413.85645604,2249.76183247158
"1293",2020-09-23,0,2362.65216646224,1408.97651775169
"1294",2020-09-24,0,1369.99650799017,85.7087202078673
"1295",2020-09-25,0,1360.22282737072,987.816397197855
"1296",2020-09-26,0,1347.42852735846,729.810513677671
"1297",2020-09-27,0,897.711785725068,798.55777489228
"1298",2020-09-28,0,978.615621902799,1390.08668707867
"1299",2020-09-29,0,0,-6.64397876818731
"1300",2020-09-30,0,4203.08566103644,422.257895661493
"1301",2020-10-01,0,2234.7467925333,-19.7786189282471
"1302",2020-10-02,0,3905.96568355787,1129.84718973778
"1303",2020-10-03,0,2946.41946429762,1921.56809277788
"1304",2020-10-04,0,2911.23397232689,1316.20575526265
"1305",2020-10-05,0,2499.08331277758,650.656365735497
"1306",2020-10-06,0,0,1534.45739708698
"1307",2020-10-07,0,408.415226387662,-30.8810974010646
"1308",2020-10-08,0,1005.46737221647,694.518779486102
"1309",2020-10-09,0,2827.89222425011,861.950930312231
"1310",2020-10-10,0,1708.83035803258,-498.294321885402
"1311",2020-10-11,0,962.198220684487,13.4688443437436
"1312",2020-10-12,0,133.58203889867,-1394.94331301938
"1313",2020-10-13,0,2101.96082214001,178.506496024279
"1314",2020-10-14,0,2736.15392648738,1007.74937745656
"1315",2020-10-15,0,810.25513733929,838.747347599928
"1316",2020-10-16,0,1005.72116078669,-354.428423546165
"1317",2020-10-17,0,2445.82476564631,1910.22122214766
"1318",2020-10-18,0,2229.97776655347,0
"1319",2020-10-19,0,1761.20378033989,1290.64861111873
"1320",2020-10-20,0,2539.27767683197,655.223533660608
"1321",2020-10-21,0,2597.5462180022,1258.89859663032
"1322",2020-10-22,0,2079.68141614252,1286.77541675693
"1323",2020-10-23,0,2310.57681147871,945.508330712971
"1324",2020-10-24,0,1089.65207740708,-846.882895773498
"1325",2020-10-25,0,495.521796937799,-532.888186235469
"1326",2020-10-26,0,771.83167100535,1312.19831179917
"1327",2020-10-27,0,1038.61937312845,737.185247334925
"1328",2020-10-28,0,773.398662241176,572.983654084977
"1329",2020-10-29,0,39.9381034461498,-706.732319097063
"1330",2020-10-30,0,286.180685377926,633.057658990843
"1331",2020-10-31,0,1483.30211335135,1296.92920866436
"1332",2020-11-01,0,1105.33807626755,-650.613733567197
"1333",2020-11-02,0,2160.07109614438,238.268494830563
"1334",2020-11-03,0,2119.91066300219,31.185699267425
"1335",2020-11-04,0,1560.57646063706,1512.34329083594
"1336",2020-11-06,-143.763151241329,1414.25108936497,1742.53339468065
"1337",2020-11-07,-133.893947829005,1314.31176721396,2007.96385923398
"1338",2020-11-08,-102.063433852975,1164.47528324746,1824.63588296614
"1339",2020-11-09,-32.9249813373151,1106.39594325877,1585.65667164792
"1340",2020-11-10,-32.6246105546077,1415.03014435549,1267.4135892486
"1341",2020-11-11,151.138944839605,57.0285920449995,-1771.62720963629
"1342",2020-11-12,215.582777270315,823.74628777343,-823.643623661703
"1343",2020-11-13,31.4598726881115,1216.8787763152,1152.93558269748
"1344",2020-11-14,-153.200551011524,886.533950190412,1801.56515467386
"1345",2020-11-15,80.4551585035241,581.02132158197,-30.4426139439571
"1346",2020-11-16,0.280867015099969,-0.798769945870876,0
"1347",2020-11-17,18.411578814302,1283.67226592286,507.705263321444
"1348",2020-11-18,15.520297580861,1248.50282049546,821.670716173911
"1349",2020-11-19,-44.552047513717,695.072872662692,1886.40042116303
"1350",2020-11-20,31.2032077061939,1227.82256464877,898.259613058188
"1351",2020-11-21,-17.5054457733435,373.680504883268,303.929531368907
"1352",2020-11-22,37.8805178065747,493.268138327586,113.010926009159
"1353",2020-11-23,69.3001992162491,1251.55173064616,-310.841553337266
"1354",2020-11-25,53.8472912088096,903.716286508581,142.871931532265
"1355",2020-11-26,51.0974044815168,582.460846447186,-80.8733578498156
"1356",2020-11-27,-0.187020207035412,358.386632267678,344.168371687121
"1357",2020-11-28,-40.1204917035408,934.291382935279,815.637682631853
"1358",2020-11-29,-52.156740090516,548.439148765835,1795.07787733769
"1359",2020-11-30,30.9947559078807,388.71145133051,-1340.22553374291
"1360",2020-12-01,48.9148838674563,1309.93359529132,-287.489490190971
"1361",2020-12-02,19.5704824618818,1154.52826878746,810.182972645275
"1362",2020-12-03,23.1854284463863,527.199887777716,1056.48062369352
"1363",2020-12-04,27.5747176224275,103.359172047319,-168.219862618729
"1364",2020-12-05,63.3700263120362,515.762742162021,-1020.83540448266
"1365",2020-12-06,16.3125892199927,922.048689655003,944.658403498735
"1366",2020-12-07,10.8069323297768,292.165666931835,541.711148109807
"1367",2020-12-08,4.29340597774198,682.947614942158,198.637600924084
"1368",2020-12-09,14.0992296547783,356.57947808684,999.806154118604
"1369",2020-12-10,-2.99966750050584,336.680924194946,1647.54193568846
"1370",2020-12-11,-45.9079888971243,363.309410133804,1334.54608391932
"1371",2020-12-12,-47.7027653670145,383.134641809494,701.980585325134
"1372",2020-12-13,6.6271405850838,516.603473955759,407.356788076382
"1373",2020-12-14,15.9755296665846,151.381192378799,-850.390490866159
"1374",2020-12-15,3.53982490713537,560.597048037044,204.790698214014
"1375",2020-12-16,32.5433393152763,13.9095977226599,19.1976439629501
"1376",2020-12-17,37.8486561422071,331.837535675307,693.892605551829
"1377",2020-12-18,24.6504837209718,293.133109803768,-99.787133578329
"1378",2020-12-19,27.4469300459095,171.980608040355,1207.46897935548
"1379",2020-12-20,11.6968780012189,81.8419815714297,1189.53345216261
"1380",2020-12-21,34.1327889101325,94.6483979229497,1008.82715925599
"1381",2020-12-22,17.5495000150872,222.170587136906,-1410.26938609619
"1382",2020-12-23,22.4036290260759,278.022377516029,-371.202640620322
"1383",2020-12-24,77.1418489259635,218.095882941395,-1655.76200378081
"1384",2020-12-25,-19.9875741825393,822.948850700242,-2009.76754752891
"1385",2020-12-26,36.5088645211058,535.02116104803,821.343300809581
"1386",2020-12-27,5.38515163455166,69.0337615041857,1307.13258881795
"1387",2020-12-28,25.814830273852,487.426084787055,135.321783828948
"1388",2020-12-29,16.9529145360686,481.243632605891,480.32059467179
"1389",2020-12-30,14.2437032416695,495.681356292576,1287.50482154846
"1390",2020-12-31,12.2779327654201,239.101122424696,-382.319844560639
